                  epoch,         train/box_loss,         train/cls_loss,         train/dfl_loss,   metrics/precision(B),      metrics/recall(B),       metrics/mAP50(B),    metrics/mAP50-95(B),           val/box_loss,           val/cls_loss,           val/dfl_loss,                 lr/pg0,                 lr/pg1,                 lr/pg2
                      1,                0.95349,                 3.1132,                 1.0234,                0.63786,                0.05941,                0.08606,                0.05258,                 1.5286,                 3.7757,                 1.1078,             0.00029694,             0.00029694,             0.00029694
                      2,                0.89823,                 1.8489,                0.99544,                0.46741,                0.14659,                 0.1017,                0.06623,                 1.5092,                 3.1558,                  1.229,             0.00048115,             0.00048115,             0.00048115
                      3,                0.88958,                 1.7744,                  0.988,                0.53302,                0.22452,                0.17841,                0.09579,                 1.5297,                 2.7114,                 1.2257,             0.00054538,             0.00054538,             0.00054538
                      4,                 0.8666,                 1.5164,                0.98807,                0.54663,                 0.2237,                0.20985,                0.11833,                   1.54,                 2.3137,                 1.2201,             0.00036905,             0.00036905,             0.00036905
                      5,                0.80539,                 1.4083,                0.96834,                0.74212,                0.23898,                0.25643,                0.13523,                  1.492,                 2.2383,                 1.1896,             0.00018907,             0.00018907,             0.00018907
